"t","x","y","exp"
0.0,14.0,15.0,"exp4"
0.0022096185935912317,9.296019317929181,20.39169056886135,"exp4"
0.003067139771794417,7.669019500017254,22.181085228217142,"exp4"
0.004377809646035927,5.549051467083734,24.420957793225828,"exp4"
0.005474287105631965,4.142193525818671,25.815075542935578,"exp4"
0.006746943012134387,2.8985367634385026,26.933883329085983,"exp4"
0.008035513777411603,1.9938829018163493,27.617589759810688,"exp4"
0.009426405483904303,1.3210366772051283,27.975229464160044,"exp4"
0.010681015688881433,0.9086315351580831,28.056924494172204,"exp4"
0.011965232955085978,0.6195095499198588,27.978123689052175,"exp4"
0.013203251297114207,0.429023801858483,27.7964200858367,"exp4"
0.014445399500076261,0.29763381873716044,27.544450955891747,"exp4"
0.015672723350210218,0.20815478199871773,27.250276476010168,"exp4"
0.016901880394708836,0.14610919055697494,26.926568394567653,"exp4"
0.018129749825769263,0.10305842389662342,26.584986528151752,"exp4"
0.019362950622546594,0.07292587546769723,26.231059928431332,"exp4"
0.02060235903051209,0.051765769096724965,25.869522839317142,"exp4"
0.021851437116188734,0.03683118702884314,25.502810425588905,"exp4"
0.02311195543747954,0.026257485830214502,25.13281027406828,"exp4"
0.02438639719299418,0.018746791263347613,24.76050839830787,"exp4"
0.025676833126766697,0.013398757784316897,24.38654918348309,"exp4"
0.026985688661878733,0.009582144663801114,24.011167532137026,"exp4"
0.02831553626611936,0.006853540068762609,23.634358804937847,"exp4"
0.02966944791889485,0.004899775031280835,23.25585681158099,"exp4"
0.03105110290079886,0.0034991023286762585,22.875164971857153,"exp4"
0.03246509082183032,0.0024940046293824014,22.491523262801906,"exp4"
0.03391718147826828,0.0017723557107548942,22.103882260456544,"exp4"
0.03541468409955988,0.001254176564752173,21.710855270598344,"exp4"
0.03696682217421914,0.0008823263004547792,21.310673297932603,"exp4"
0.0385851522127222,0.0006159124556842997,20.901139116528533,"exp4"
0.04028400682812446,0.00042561523022984047,20.479589730795773,"exp4"
0.042080994257689526,0.00029035780089234256,20.042863846260133,"exp4"
0.043997601786827954,0.00019493387124618468,19.587269552520638,"exp4"
0.046059997767764344,0.00012831964170259552,19.10854002282565,"exp4"
0.048300160793126386,8.247809149844695e-5,18.601764026535847,"exp4"
0.050757513942377035,5.1516925037151336e-5,18.061277401546217,"exp4"
0.05348131066306037,3.10986938570703e-5,17.480502993799934,"exp4"
0.05653414293838215,1.8028187504478785e-5,16.851726374291932,"exp4"
0.059997161461889575,9.962187247504317e-6,16.165793468231442,"exp4"
0.06397799224014071,5.201982511957059e-6,15.411714551348501,"exp4"
0.0686230556029058,2.540804795333545e-6,14.576160799025638,"exp4"
0.0741373623244008,1.1472856193679046e-6,13.642853438129181,"exp4"
0.08081756828415437,4.7280551738397957e-7,12.591896217356545,"exp4"
0.08910955955095572,1.756341527194562e-7,11.399274056942733,"exp4"
0.09971049983811253,5.837347962122171e-8,10.037606739770753,"exp4"
0.11366404766133612,1.7557987062701875e-8,8.490071368648202,"exp4"
0.13094977342125838,5.249152688808907e-9,6.899662552530873,"exp4"
0.14997748862535312,1.798550870532096e-9,5.491196549048828,"exp4"
0.1710668774784957,7.271160434777539e-10,4.263473504556296,"exp4"
0.19363172768679696,3.610047045917722e-10,3.2521659306993653,"exp4"
0.21761590997028488,2.1765533654440713e-10,2.4388630352775698,"exp4"
0.24269275664033374,1.564043200371425e-10,1.8051365655138383,"exp4"
0.2687243948448511,1.3014611301695189e-10,1.3208675796144171,"exp4"
0.29551050357282227,1.2195021418342478e-10,0.9578087909736464,"exp4"
0.3229262822624087,1.2541123423730567e-10,0.6893169035294975,"exp4"
0.35084392080892207,1.385027863751177e-10,0.4931118329340448,"exp4"
0.3791713187474464,1.6140259457236462e-10,0.35102501163525723,"exp4"
0.40782657560742275,1.957481290491551e-10,0.248899154972067,"exp4"
0.4367475082290794,2.444806389154247e-10,0.17592411071447145,"exp4"
0.4658826247244481,3.1196956192280213e-10,0.12402580375563979,"exp4"
0.4951926999190955,4.0435377993645334e-10,0.08725448280489112,"exp4"
0.5246472705987641,5.300729308814732e-10,0.0612789187735687,"exp4"
0.5542245474715988,7.006408312268378e-10,0.04297298771017678,"exp4"
0.5839101923596229,9.317232146907872e-10,0.03009648506390463,"exp4"
0.6136974607186614,1.2446440127169699e-9,0.021052656449433597,"exp4"
0.6435874444404135,1.668490885277693e-9,0.014708326063572478,"exp4"
0.6735902222932197,2.243095207620282e-9,0.010262008010130243,"exp4"
0.7037266562950558,3.0233074296860753e-9,0.007148346601461213,"exp4"
0.7340311841337256,4.085251318431034e-9,0.004969397478178839,"exp4"
0.7645556272990144,5.535677857766727e-9,0.003445537596529739,"exp4"
0.795374138986601,7.526312672668615e-9,0.002380561449926137,"exp4"
0.8265891711945212,1.0276451902410357e-8,0.0016369586826367405,"exp4"
0.8583381589171274,1.4109511157171041e-8,0.0011184504762669373,"exp4"
0.890800354196426,1.9513714489715563e-8,0.0007576766653454953,"exp4"
0.9242031919895459,2.724555575251639e-8,0.000507523640265697,"exp4"
0.9588278820685184,3.8511162692892206e-8,0.00033502097764805203,"exp4"
0.9950146970266965,5.52943041146753e-8,0.0002170518974575815,"exp4"
1.0331694030086307,8.097130561715391e-8,0.00013734913023049744,"exp4"
1.0737730633292426,1.2151251557946863e-7,8.440498037149505e-5,"exp4"
1.117397861518817,1.8794362457260003e-7,5.003070646083694e-5,"exp4"
1.1647319203793354,3.0166858863020674e-7,2.8372532295004243e-5,"exp4"
1.2166168648177162,5.067219969967529e-7,1.5242939757150359e-5,"exp4"
1.2741036117835625,9.000927977449987e-7,7.66448309481592e-6,"exp4"
1.3385349046541837,1.713449170846243e-6,3.553110771786781e-6,"exp4"
1.4116643314451,3.5567510493857763e-6,1.49079376913507e-6,"exp4"
1.4957386985227303,8.230433833257261e-6,5.546611730437327e-7,"exp4"
1.5913579540046154,2.1348787382686723e-5,1.8376717778029902e-7,"exp4"
1.6771934173892489,5.027128863663995e-5,6.711705521324092e-8,"exp4"
1.7586716334893444,0.00011337342391458724,2.567713442086349e-8,"exp4"
1.831887521075584,0.0002355416160460401,1.0764529856183933e-8,"exp4"
1.8987045314830546,0.0004591691256204969,4.855619216784209e-9,"exp4"
1.9594006660949241,0.0008421552149988624,2.3523467130167472e-9,"exp4"
2.015318206504892,0.0014727002532946047,1.2058661346634625e-9,"exp4"
2.0673243295215884,0.0024767636619001253,6.477470548195851e-10,"exp4"
2.116305209644207,0.004041455656258145,3.6093642893534355e-10,"exp4"
2.162895835410815,0.00643908748635188,2.0714848437568763e-10,"exp4"
2.207621922294396,0.01006983927828257,1.217532446868929e-10,"exp4"
2.2508762911778017,0.015517994330277382,7.300117914633821e-11,"exp4"
2.2929706512162076,0.023638250423162702,4.453482439366057e-11,"exp4"
2.334144947497509,0.035678171055050646,2.7609008499828265e-11,"exp4"
2.374588795874914,0.053458895359648276,1.7395091011871783e-11,"exp4"
2.414450807727475,0.07963652954465146,1.1157171956739671e-11,"exp4"
2.4538488344704246,0.1180839855139586,7.311492772684484e-12,"exp4"
2.4928761916495827,0.17444597521591415,4.925880954704557e-12,"exp4"
2.531607174403956,0.2569476192154381,3.445459741187875e-12,"exp4"
2.5701009522958076,0.3775710807320943,2.539567463603727e-12,"exp4"
2.6084047760394795,0.5537686893907277,2.0167042119309956e-12,"exp4"
2.6465564014814347,0.8109563575590921,1.7826485479747152e-12,"exp4"
2.6845860391623946,1.1861431370623197,1.839863941254168e-12,"exp4"
2.72251787446104,1.7332141242689996,2.377385536866891e-12,"exp4"
2.760371283147605,2.530620002744883,4.255914549920669e-12,"exp4"
2.79816179307069,3.6925692366952187,1.2187364179476482e-11,"exp4"
2.8359018529633846,5.385318375183173,6.753646731171035e-11,"exp4"
2.8736014450164133,7.850882396153443,9.009293986944542e-10,"exp4"
2.9112685716457745,11.44154425095158,3.548190994746478e-8,"exp4"
2.9299909231396173,13.797298404869174,5.094520965459732e-7,"exp4"
2.941168228314926,15.428948871921662,3.5237693518705232e-6,"exp4"
2.9486550668209177,16.62841981538203,1.5054032226030152e-5,"exp4"
2.9539475902129304,17.532160088093164,4.5482942400658876e-5,"exp4"
2.957901208867617,18.239142362929318,0.00010852653399320057,"exp4"
2.961069662714639,18.826189665205252,0.00022393330759510287,"exp4"
2.964021514460961,19.389990964921225,0.00044959762620996803,"exp4"
2.966582853748527,19.89270056298473,0.000838084850599589,"exp4"
2.968907599257195,20.359982261462747,0.0014968353519631212,"exp4"
2.971008877250878,20.79137790091972,0.002559822402004264,"exp4"
2.9729478842516324,21.19695362653067,0.004244716435998239,"exp4"
2.97475121866754,21.580343629492933,0.006857225093678986,"exp4"
2.9764484523389,21.946174602162724,0.01085901986050176,"exp4"
2.9780582071608053,22.296921168664692,0.016920193697263372,"exp4"
2.9795967367193086,22.63452157546409,0.026031061104622617,"exp4"
2.981075928132356,22.959734296508355,0.03964007313743792,"exp4"
2.982505632144867,23.272395866890918,0.059874878088371115,"exp4"
2.9838936685694692,23.571099761995843,0.08985331692949566,"exp4"
2.9852466675326985,23.852936551797136,0.13415142376421574,"exp4"
2.986570376297979,24.11292548501368,0.19948877022977118,"exp4"
2.9878701499996754,24.343188645327952,0.2957548071684252,"exp4"
2.9891513740913327,24.531648050765522,0.4375514205391856,"exp4"
2.9904200523131936,24.6600179775196,0.6465614214010655,"exp4"
2.9916836499139605,24.700613379994508,0.9552890640551024,"exp4"
2.992952582807539,24.611042136240386,1.4132884398329388,"exp4"
2.9942433178507852,24.324523933441476,2.0985804386087863,"exp4"
2.9955865958597574,23.728666272210962,3.142963549407997,"exp4"
2.9970608560898806,22.595272310958403,4.817339659711307,"exp4"
2.9984755107970367,20.910919318365625,7.072554423946984,"exp4"
2.9998216821494657,18.712171793918174,9.851128996593754,"exp4"
3.001171892757492,15.996297101469152,13.152474379731096,"exp4"
3.002585682551363,12.84812528081091,16.85969606799129,"exp4"
3.004388230576248,8.952547540554306,21.281173267204693,"exp4"
3.0057789714551975,6.413413870451807,24.028454876590917,"exp4"
3.007206878424242,4.384823981063661,26.085678788556322,"exp4"
3.008582285718965,2.9646274861379114,27.381072412652646,"exp4"
3.010034301709609,1.9293183517404746,28.161346484494132,"exp4"
3.011481922444812,1.2463139656568814,28.502577290105382,"exp4"
3.0128097153651523,0.8324949047393653,28.552902750905822,"exp4"
3.014125711817306,0.5583841296741359,28.43734943966391,"exp4"
3.0153948185152424,0.3807886570941379,28.222639357401714,"exp4"
3.0166514761021195,0.2615507536782239,27.944703640738428,"exp4"
3.0178896104477753,0.18138089146542657,27.62976030838616,"exp4"
3.0191221352219157,0.12655419509670965,27.29060373362795,"exp4"
3.0203501902648036,0.08883043294827989,26.93714962757956,"exp4"
3.0215798011017085,0.0626262954681853,26.5744086231963,"exp4"
3.0228134048552886,0.0443213525652441,26.206148091051986,"exp4"
3.0240545843095106,0.03145874259116936,25.834349660562683,"exp4"
3.025305788778868,0.022381849096142284,25.460391695326646,"exp4"
3.0265697474145603,0.01595165812832619,25.08495471038112,"exp4"
3.0278489252435823,0.011382616560961331,24.70839656604363,"exp4"
3.02914602896854,0.008127577017944334,24.33074414632566,"exp4"
3.0304639813941163,0.005803775628110842,23.951799853151,"exp4"
3.031806218771356,0.0041419106702193,23.57112692698335,"exp4"
3.033176869344069,0.0029518217728151082,23.188055186231225,"exp4"
3.0345810589344553,0.0020987523655936354,22.801643905136064,"exp4"
3.036025216218862,0.0014869575804771912,22.410644665639182,"exp4"
3.0375174424890923,0.001048250656800765,22.013450750756338,"exp4"
3.0390679004012027,0.0007339746504673261,21.608049973600775,"exp4"
3.0406892366609615,0.0005093373286026102,21.19198072442448,"exp4"
3.0423970364146666,0.0003493997762492159,20.762296178484082,"exp4"
3.0442103513413197,0.0002362270651357425,20.315531412157004,"exp4"
3.046152369029825,0.00015686428627023044,19.847664913023205,"exp4"
3.04825133415051,0.00010190248805676512,19.354060725681535,"exp4"
3.0505418687720334,6.446777048017783e-5,18.829377238859458,"exp4"
3.0530668946223862,3.951267113764268e-5,18.26742883885133,"exp4"
3.055880448693699,2.3321209678511457e-5,17.66098732345402,"exp4"
3.0590518439862624,1.3162490672860243e-5,17.001508710699948,"exp4"
3.062671912515199,7.045612320131181e-6,16.278768703250535,"exp4"
3.0668625842369486,3.5422772947697932e-6,15.480388164508044,"exp4"
3.0717920146093087,1.6539142597195218e-6,14.591234070448316,"exp4"
3.0776993276575864,7.079963192234145e-7,13.592705462788766,"exp4"
3.0849367742102567,2.7414758211512816e-7,12.461999991100093,"exp4"
3.0940445114568105,9.495740021165994e-8,11.171784157746393,"exp4"
3.1058762895147725,2.9398019669786048e-8,9.693063635023721,"exp4"
3.1214369572672123,8.43561607403596e-9,8.042055755844572,"exp4"
3.139398702047342,2.5802214799599417e-9,6.482773621910415,"exp4"
3.15931976843301,9.114854684295523e-10,5.1044034804595615,"exp4"
3.1810133125249593,3.8963453893024173e-10,3.9345379336666486,"exp4"
3.2041883216425515,2.047528912907636e-10,2.979366908658558,"exp4"
3.228631002112238,1.3053474510430407e-10,2.222031317259368,"exp4"
3.254117304253035,9.845153336667812e-11,1.636590240489741,"exp4"
3.2804691719331465,8.530662181292469e-11,1.19294718478823,"exp4"
3.3075252089277183,8.256550037397185e-11,0.8622533618816416,"exp4"
3.3351551381448274,8.707965738851063e-11,0.6189559229280495,"exp4"
3.3632483554102084,9.804055545914916e-11,0.44184695358880377,"exp4"
3.3917158271300574,1.1591447977767205e-10,0.3140039278471868,"exp4"
3.4204846084647826,1.4209721290180515e-10,0.2223459862389581,"exp4"
3.449496646370953,1.7887890457678125e-10,0.15698452628397205,"exp4"
3.4787057632520355,2.295796418121206e-10,0.11057532373363554,"exp4"
3.508076230373233,2.988201706895218e-10,0.07773551317551697,"exp4"
3.537581138626794,3.929320824594839e-10,0.054560799176944695,"exp4"
3.567201561120038,5.205417948793235e-10,0.03824199462796979,"exp4"
3.5969260043057316,6.933856262495212e-10,0.026770640395917925,"exp4"
3.6267504759455114,9.274469322453497e-10,0.018717859748869158,"exp4"
3.656679088650396,1.2445521951578097e-9,0.013071078334842676,"exp4"
3.68672538493569,1.6746383650618547e-9,0.009114942810243843,"exp4"
3.7169144713070303,2.2590257341487848e-9,0.0063453134838326805,"exp4"
3.747286129143876,3.055238547867457e-9,0.004407595532883661,"exp4"
3.777899006752118,4.144273388062714e-9,0.003052773721349028,"exp4"
3.808835923622796,5.641843777171568e-9,0.0021062050367597293,"exp4"
3.840210126405638,7.716246110297964e-9,0.0014455411053830975,"exp4"
3.8721720947727993,1.0617509270346151e-8,0.000985146860464152,"exp4"
3.9049162869894447,1.4726214663495917e-8,0.0006651209313733031,"exp4"
3.9386872568332083,2.0637467611174897e-8,0.000443565338863948,"exp4"
3.9737850478625143,2.9309547725635084e-8,0.00029114713768154407,"exp4"
4.010570652545558,4.2335790445862826e-8,0.0001872797832343167,"exp4"
4.049473279428855,6.246093758694325e-8,0.00011745383181190111,"exp4"
4.091001830570206,9.460513227262564e-8,7.13852741789446e-5,"exp4"
4.135763330240166,1.4799762758331127e-7,4.1743263978099854e-5,"exp4"
4.184491459390791,2.4088212901200136e-7,2.3283166739884948e-5,"exp4"
4.238089387889608,4.115952149688656e-7,1.2257381317548119e-5,"exp4"
4.297693275669057,7.467202342547909e-7,6.011792668662136e-6,"exp4"
4.3647665108577645,1.4593841918531306e-6,2.7030177487199e-6,"exp4"
4.441236176973126,3.1316183902801365e-6,1.0924336894225973e-6,"exp4"
4.5295709768739005,7.558937613760453e-6,3.8879379207774716e-7,"exp4"
4.628518803580961,2.026107265370815e-5,1.2494839582528052e-7,"exp4"
4.716766022870615,4.8862787567678e-5,4.450979006282389e-8,"exp4"
4.800045710664756,0.00011218303783645586,1.6701939070728634e-8,"exp4"
4.874508710214842,0.00023597588897910575,6.904268503332679e-9,"exp4"
4.942179295068439,0.00046394185471322174,3.0838692905846707e-9,"exp4"
5.003456459295117,0.0008558516463492894,1.4838987564643785e-9,"exp4"
5.059774817067986,0.0015026482578368416,7.571065369258103e-10,"exp4"
5.112064117835591,0.002534283017189382,4.0534083240766287e-10,"exp4"
5.161249473468111,0.004143764592572518,2.2532766108419913e-10,"exp4"
5.207990899402205,0.0066120432875707135,1.290995511795149e-10,"exp4"
5.252829902850933,0.010351988158440897,7.578786724641604e-11,"exp4"
5.296169941413462,0.015966455751475796,4.540441810822283e-11,"exp4"
5.338329925502761,0.02433733489767202,2.7686514165662968e-11,"exp4"
5.379554906603921,0.03675193576254511,1.71619607483316e-11,"exp4"
5.420038150340522,0.05508946824125293,1.0815622239872234e-11,"exp4"
5.459930949039859,0.08209080917940312,6.9419705869788355e-12,"exp4"
5.499353139390784,0.12175255499428406,4.555051078607175e-12,"exp4"
5.538399531413882,0.1798997865119036,3.075237171963758e-12,"exp4"
5.577145553586294,0.2650205590716291,2.157949322090453e-12,"exp4"
5.615651243956889,0.38948020849057935,1.5982965908297249e-12,"exp4"
5.653964522858818,0.5712893205078398,1.2783796938339793e-12,"exp4"
5.692123666014206,0.8366769817816522,1.1420275718378815e-12,"exp4"
5.730159289508325,1.2238365496784578,1.1970962573486579e-12,"exp4"
5.768095896571825,1.7883777154280032,1.5822770262815185e-12,"exp4"
5.805953112980078,2.611262269487313,2.9274507262613988e-12,"exp4"
5.843746663862348,3.8103546821951095,8.788453286255869e-12,"exp4"
5.881489154026208,5.557234049968404,5.196996828179135e-11,"exp4"
5.91919068941112,8.101663692691895,7.534986571792856e-10,"exp4"
5.9568593715167575,11.8072058703,3.274823146369193e-8,"exp4"
5.975215663058225,14.186224757223819,4.835946195523906e-7,"exp4"
5.986198427287452,15.833037758987134,3.4123305282558176e-6,"exp4"
5.993544954127548,17.0399978295938,1.4737653462635104e-5,"exp4"
5.9987359285612,17.94787291226695,4.481535481772446e-5,"exp4"
6.002610870224945,18.65693615615105,0.00010732051851147689,"exp4"
6.0057156496416315,19.245175630579087,0.0002219547067376774,"exp4"
6.008608158060653,19.80977111074208,0.0004463986354910993,"exp4"
6.011117916285844,20.312893156874534,0.0008330781085751685,"exp4"
6.013395970038171,20.780355615422337,0.001489068034604706,"exp4"
6.015455223230433,21.21176627762937,0.002547855472476162,"exp4"
6.017355724532123,21.617254220168764,0.004226302039598732,"exp4"
6.0191235535236425,22.000490033313547,0.006828920389733761,"exp4"
6.020787706337738,22.366128440881507,0.01081555131064757,"exp4"
6.022366426491282,22.71666287348515,0.016853547009393125,"exp4"
6.023875635704483,23.05404698821488,0.0259290973892721,"exp4"
6.025326969118841,23.379052557357376,0.039484474981259406,"exp4"
6.026730064368632,23.691530072472418,0.05963805905929122,"exp4"
6.028092564477118,23.990089544858453,0.08949377121270041,"exp4"
6.029420942735915,24.27184354622584,0.13360666162256216,"exp4"
6.030720801051886,24.531842507395233,0.1986644672930523,"exp4"
6.031997348193959,24.76225467889305,0.294507825115795,"exp4"
6.033255808348479,24.9510726008712,0.43566248202966207,"exp4"
6.034501987657652,25.08012192877215,0.6436891697708766,"exp4"
6.035743080885164,25.121901719686175,0.9508873854509002,"exp4"
6.036989086036049,25.034347143360165,1.4064408732705718,"exp4"
6.038255720529535,24.75133783292513,2.0876069637965733,"exp4"
6.03957203859523,24.16216371544657,3.1241824549008697,"exp4"
6.0410104014757415,23.045785617531664,4.778282753162233,"exp4"
6.042413791893574,21.351539474702385,7.051033484166499,"exp4"
6.043734800243883,19.151747474603493,9.834676759479011,"exp4"
6.045063539347928,16.413558611261625,13.16772791542413,"exp4"
6.04644592781067,13.241473333300998,16.90965295483273,"exp4"
6.048162660877887,9.38124291854776,21.305851328038962,"exp4"
6.049560236848928,6.697801473446862,24.22638874061918,"exp4"
6.050949385814045,4.609979263310313,26.36307474436148,"exp4"
6.05230441624088,3.119954916062745,27.744447178939037,"exp4"
6.053718148857254,2.040977675728529,28.583551523331334,"exp4"
6.0551655534245805,1.3091274353970743,28.976208977985525,"exp4"
6.056465986715514,0.8756306490421422,29.052033748271047,"exp4"
6.057767684765938,0.5855994736746813,28.952667715003088,"exp4"
6.059014548720642,0.3991752140006397,28.74837113830083,"exp4"
6.0602523673727005,0.2737501533221506,28.476389847946294,"exp4"
6.061469089574045,0.18968667260111646,28.16548390749808,"exp4"
6.062680771110519,0.1322080853378928,27.82858372217783,"exp4"
6.063886860727521,0.09272333814237993,27.476599456607815,"exp4"
6.065094234692164,0.0653154724395996,27.11462531941434,"exp4"
6.066304829589622,0.046189985704305485,26.74678749865258,"exp4"
6.067522432590694,0.03276116615820032,26.375131036866133,"exp4"
6.068749312555614,0.023292664042667506,26.001168368696973,"exp4"
6.069988206780388,0.016589989658232527,25.625621222531997,"exp4"
6.071241468173756,0.011830845119001569,25.2489040509683,"exp4"
6.072511728455077,0.00844273434045711,24.871071783170777,"exp4"
6.073801780403079,0.006025592773025822,24.491958561081134,"exp4"
6.075114913587644,0.0042981262575900936,24.111152153118255,"exp4"
6.076455059397222,0.0030618649511963726,23.72800969579577,"exp4"
6.077827099416978,0.0021762555218505088,23.341618066958294,"exp4"
6.0792371523953666,0.0015415028153110948,22.950759573965072,"exp4"
6.080692936070083,0.001086581083175387,22.553860068855336,"exp4"
6.082204141607817,0.0007608412953800147,22.14894148540366,"exp4"
6.0837828436582955,0.0005280920647200175,21.733576157767168,"exp4"
6.08544393619123,0.0003624118819818377,21.304849803780908,"exp4"
6.08720563465087,0.00024517584435924326,20.859327681785658,"exp4"
6.089090105112389,0.0001629443217800418,20.393016189009888,"exp4"
6.091124325495086,0.00010596702087465777,19.901305868622252,"exp4"
6.093341317515866,6.712839708403242e-5,19.378881583052028,"exp4"
6.095781940137912,4.1208444830029774e-5,18.819585427756312,"exp4"
6.098497515329543,2.436659678931025e-5,18.21621865826066,"exp4"
6.101553703194918,1.3780931616370472e-5,17.560267366599803,"exp4"
6.105036302895375,7.3934211976671485e-6,16.84153372486578,"exp4"
6.10906012447287,3.7261126468292335e-6,16.04765130070413,"exp4"
6.113782942111093,1.7439531295555641e-6,15.16346406852137,"exp4"
6.11942820175409,7.481506161149984e-7,14.170266156249435,"exp4"
6.126323483990396,2.9010610231401665e-7,13.044968797684236,"exp4"
6.1349684465026435,1.004699144245438e-7,11.75951976085226,"exp4"
6.146153568993515,3.100664285540012e-8,10.282485892046857,"exp4"
6.160960402981556,8.777092401473152e-9,8.608600451894244,"exp4"
6.178578296642293,2.5561649926441594e-9,6.96816021800976,"exp4"
6.198038877612703,8.508941487880899e-10,5.516983790513145,"exp4"
6.219423017702295,3.3878815695874754e-10,4.2683746278449,"exp4"
6.2422851140977915,1.6675627828846413e-10,3.244315014865031,"exp4"
6.2664933740231445,1.0034228712024924e-10,2.426444699977669,"exp4"
6.291770268323048,7.217700393150312e-11,1.7916409687751265,"exp4"
6.317958586844984,6.021744418933836e-11,1.3085312704841012,"exp4"
6.344876736688164,5.659775949311725e-11,0.9473619411142646,"exp4"
6.372397296823087,5.837586075402044e-11,0.680942349174087,"exp4"
6.400400767471192,6.463648614316017e-11,0.4866198873570967,"exp4"
6.428796539556158,7.548461665408795e-11,0.34611979503005375,"exp4"
6.457507032186386,9.170413719155587e-11,0.24525855884429362,"exp4"
6.486472035143422,1.1468738371980718e-10,0.17325933262527396,"exp4"
6.515642574610003,1.4649726534757344e-10,0.12209528092092117,"exp4"
6.544981029750947,1.9002828322743156e-10,0.0858671024637267,"exp4"
6.574458519877692,2.492583379031429e-10,0.06028799193024091,"exp4"
6.604054435783145,3.2961313678414547e-10,0.04226863543905004,"exp4"
6.633755516127351,4.3847499589189546e-10,0.02959770865977647,"exp4"
6.663555917592649,5.858931935473267e-10,0.020700500189600547,"exp4"
6.693457582418721,7.855779574140357e-10,0.014460268885712946,"exp4"
6.7234714074372235,1.0563076819403087e-9,0.010087602344247644,"exp4"
6.753619119335733,1.423949845787947e-9,0.007025908528772637,"exp4"
6.783936118556595,1.9244200486434423e-9,0.004883550662538312,"exp4"
6.814475358170227,2.608112883670672e-9,0.0033854150946555604,"exp4"
6.845312351169287,3.546706602922631e-9,0.0023385040254723646,"exp4"
6.876551190445397,4.843893764479615e-9,0.0016075797215914299,"exp4"
6.908331259706469,6.652760173917942e-9,0.0010979682585519584,"exp4"
6.940834063602186,9.204678716829675e-9,0.0007434394525937356,"exp4"
6.974289562041738,1.2858630650304808e-8,0.0004976728691803913,"exp4"
7.008981731876559,1.8187786381533737e-8,0.0003282529811812683,"exp4"
7.045253871095933,2.6136344526540433e-8,0.00021244993918378892,"exp4"
7.083515137890517,3.831410660459508e-8,0.00013426573760253483,"exp4"
7.124250582612034,5.7573269394538886e-8,8.23802668886297e-5,"exp4"
7.168037333495858,8.91929298511612e-8,4.8736261143815166e-5,"exp4"
7.2155699354885074,1.4344791832910377e-7,2.7573183712981316e-5,"exp4"
7.2676986501375636,2.415409713064668e-7,1.4770732746624045e-5,"exp4"
7.325486340248688,4.303403032034066e-7,7.4007798223777795e-6,"exp4"
7.39029291976216,8.222798568960225e-7,3.41594608620748e-6,"exp4"
7.463901168742269,1.7150206540488093e-6,1.4255197353847713e-6,"exp4"
7.548683965676891,3.996568399093688e-6,5.264141276149961e-7,"exp4"
7.6471615016360985,1.0662932399713393e-5,1.6988813614528204e-7,"exp4"
7.74368395767695,2.790592055279858e-5,5.581462543270087e-8,"exp4"
7.83248694838835,6.767064571818748e-5,1.9770349242423463e-8,"exp4"
7.913385481382243,0.00015173798505766655,7.611394869458093e-9,"exp4"
7.986059119265407,0.00031355169460297737,3.210668591327055e-9,"exp4"
8.051631243791672,0.0006037123192703274,1.4693742153816087e-9,"exp4"
8.1112388438931,0.0010953078379140361,7.210920380164305e-10,"exp4"
8.166121910850057,0.001895727415714111,3.7427378892943806e-10,"exp4"
8.21729339040317,0.003161751070969819,2.0311541643179524e-10,"exp4"
8.265582707485752,0.005123677794851975,1.1417313648497984e-10,"exp4"
8.311623329111155,0.008118626534559269,6.600805855950198e-11,"exp4"
8.355906116067343,0.01264030539285919,3.904751622072813e-11,"exp4"
8.398806927771059,0.019410493156469318,2.3551555877187353e-11,"exp4"
8.440617531185596,0.02948390588439809,1.4453088096987091e-11,"exp4"
8.481564696018385,0.04440037375123879,9.017991137419087e-12,"exp4"
8.521826233623914,0.06640684415620302,5.725479654606256e-12,"exp4"
8.56154200078321,0.09878033621367287,3.7084239690715375e-12,"exp4"
8.600822576060919,0.14629835245072145,2.4624310991502745e-12,"exp4"
8.639755618590357,0.21592356895024567,1.6897095444847454e-12,"exp4"
8.678410831423049,0.317800691744072,1.2131172497952952e-12,"exp4"
8.716843741590171,0.4667075022102426,9.283269873438889e-13,"exp4"
8.755098662856822,0.6841671290771038,7.782949067384735e-13,"exp4"
8.793211002258667,1.0015226517470417,7.443256650187732e-13,"exp4"
8.831209080123338,1.4644124513782637,8.613699410607629e-13,"exp4"
8.86911556507102,2.1392842891687054,1.3145144211601058e-12,"exp4"
8.906948612932204,3.1228767513762095,2.9938794598727595e-12,"exp4"
8.944722771417567,4.556019593959681,1.2066811342979433e-11,"exp4"
8.982449701150644,6.643720124419309,1.0620317574645255e-10,"exp4"
9.020138750943081,9.684398664442465,2.533294237094308e-9,"exp4"
9.057797351626803,14.112430660493551,1.9593936750607222e-7,"exp4"
9.069549767049102,15.872370929908776,1.5643224800613034e-6,"exp4"
9.077834229642258,17.243308623663772,8.176300652388625e-6,"exp4"
9.083622539222395,18.2708378091229,2.8729333228462844e-5,"exp4"
9.087809135655705,19.051959956678854,7.519076162403436e-5,"exp4"
9.091082084246063,19.685756905993713,0.00016459570963663084,"exp4"
9.09378346247766,20.22465121631857,0.00032091565030554115,"exp4"
9.096307946457191,20.741459952126004,0.0006094357611641651,"exp4"
9.098538908003238,21.208964836281844,0.0010897768181364971,"exp4"
9.100587905117413,21.647312379811112,0.001881159899058848,"exp4"
9.102464952752046,22.056363699726408,0.0031342191525645506,"exp4"
9.104215100875606,22.444039320465524,0.0050908865411978645,"exp4"
9.105858056263056,22.81316297253125,0.00809233730519595,"exp4"
9.107416108578507,23.167339396570394,0.012651456302717586,"exp4"
9.108903465705351,23.508409093217406,0.019513061451234652,"exp4"
9.110332699889549,23.837715620195137,0.029775902545754646,"exp4"
9.111713120696196,24.155533693396453,0.04504649592773749,"exp4"
9.113052542219991,24.46122074652149,0.06768272316027912,"exp4"
9.114357261158966,24.752871037658178,0.10113865210078375,"exp4"
9.115632714156606,25.026986080640434,0.15048214464986207,"exp4"
9.116883730313702,25.27783683580251,0.22315463868378477,"exp4"
9.118114950081612,25.49653111029146,0.33010980559851233,"exp4"
9.119331216611329,25.669557620828332,0.4875296197211083,"exp4"
9.120538144443303,25.776537557165547,0.7194692906308009,"exp4"
9.121742979176581,25.786634302815575,1.062063103705547,"exp4"
9.122956170877332,25.652515575843786,1.5706126184128326,"exp4"
9.12419477985319,25.299094870568513,2.332881319621878,"exp4"
9.125491992965692,24.597689687443264,3.4999749110585308,"exp4"
9.126940440750209,23.270166085380943,5.4031725987491,"exp4"
9.128257715799679,21.444567450434263,7.806067030902206,"exp4"
9.129557061588658,19.03053716053183,10.826060472323219,"exp4"
9.130849667862556,16.12818682088451,14.330531342358771,"exp4"
9.132233843664707,12.757514564360774,18.279552077886013,"exp4"
9.134041996061706,8.606492362803936,22.963274895462693,"exp4"
9.135226520327791,6.351741992329492,25.387807524013137,"exp4"
9.136589938082114,4.329162916530329,27.430187259575316,"exp4"
9.137854222187787,2.9663738918365716,28.66840872744982,"exp4"
9.139240677114476,1.9300138469596833,29.448537875696992,"exp4"
9.14057695949418,1.2652815760589635,29.78362942064194,"exp4"
9.141840173212378,0.8466643414355756,29.84173060629361,"exp4"
9.143078235805426,0.571329247957257,29.734643167369384,"exp4"
9.144284338222233,0.39029928448287105,29.526405461944975,"exp4"
9.14547548802102,0.2687432451608918,29.254480822602424,"exp4"
9.146653105198823,0.18653654584189006,28.943516217910354,"exp4"
9.147824874057571,0.13025425838066154,28.607556560510584,"exp4"
9.148993700848461,0.09143919303615108,28.25614572307006,"exp4"
9.150163890643293,0.06445946942535336,27.894845258562945,"exp4"
9.151338145301139,0.04559928061218456,27.527407469579146,"exp4"
9.152519368151626,0.03234609013682907,27.15604800488901,"exp4"
9.15370990162891,0.022994775834840164,26.78219468182394,"exp4"
9.15491211287758,0.016373248386181077,26.40663474393416,"exp4"
9.15612826633406,0.011671201683301494,26.029771115366565,"exp4"
9.157360788085462,0.008324152127771588,25.6516848675478,"exp4"
9.158612348115474,0.005936929928259104,25.27221049630128,"exp4"
9.159886078472997,0.004231539247013356,24.890942208306605,"exp4"
9.161185770101207,0.003011705154085744,24.507231613683995,"exp4"
9.162516141695658,0.0021384060546922054,24.120156492083712,"exp4"
9.163883134454789,0.0015129259117840684,23.72848083254285,"exp4"
9.165294253626586,0.0010650181218847866,23.330604790977947,"exp4"
9.16675893459183,0.0007446019821458032,22.92451522146939,"exp4"
9.168288934428135,0.0005159053629342421,22.507740238839034,"exp4"
9.169898751362657,0.00035331741552782457,22.0773111826895,"exp4"
9.171606106208838,0.0002384440550606176,21.629727836735793,"exp4"
9.173432549755375,0.00015801723413592347,21.160917599324133,"exp4"
9.175404297296618,0.00010241446986502461,20.666174518161988,"exp4"
9.17755342679088,6.461598542331789e-5,20.1400630490837,"exp4"
9.179919625536995,3.947442927946215e-5,19.57627158060016,"exp4"
9.182552749414187,2.3205433255120747e-5,18.967400804945807,"exp4"
9.185516601168505,1.3031625034620955e-5,18.304669934488672,"exp4"
9.188894588471264,6.931175289509243e-6,17.57751960823998,"exp4"
9.192798380696656,3.456097899373454e-6,16.77308532274788,"exp4"
9.19738152946114,1.596309286430713e-6,15.87551362911594,"exp4"
9.202861640724212,6.736175884242786e-7,14.865106925140834,"exp4"
9.209557929447618,2.5593540059311565e-7,13.717347205944279,"exp4"
9.217957566317423,8.650349611132381e-8,12.402098837890902,"exp4"
9.22883296724657,2.6004092038946802e-8,10.884734102913074,"exp4"
9.243283823929797,7.187509049753736e-9,9.15181755133966,"exp4"
9.26069955203378,2.0093366191273313e-9,7.425854175726256,"exp4"
9.279927820645199,6.314466933268851e-10,5.895769765487119,"exp4"
9.301140540401944,2.354279307683383e-10,4.570823958595092,"exp4"
9.323839461933987,1.090613683227713e-10,3.4810087355394024,"exp4"
9.347920263776428,6.228809121335378e-11,2.6074529832594737,"exp4"
9.373086146252728,4.295252841263079e-11,1.927859327438124,"exp4"
9.399186091463717,3.4664513408925144e-11,1.4095119686178288,"exp4"
9.426030520627034,3.1761239517035465e-11,1.0213734265192056,"exp4"
9.453492064902306,3.213601903873686e-11,0.7346598699170228,"exp4"
9.481447292929609,3.507867189115762e-11,0.5253116816786576,"exp4"
9.509804307167045,4.053930667042912e-11,0.37381392159350707,"exp4"
9.53848327151302,4.887609893643751e-11,0.2649826142405553,"exp4"
9.567422667858912,6.078965630186898e-11,0.18725058392061233,"exp4"
9.596572059394617,7.734286386159398e-11,0.13198833104373692,"exp4"
9.625892723481442,1.0003939819781427e-10,0.09284448283156901,"exp4"
9.655354671836026,1.3095211239230232e-10,0.06519901478900426,"exp4"
9.684936281821043,1.7291157368484573e-10,0.045719653218923906,"exp4"
9.714623207954414,2.2976999597793426e-10,0.032019642983222685,"exp4"
9.744408410218668,3.067699291992493e-10,0.0223984707413825,"exp4"
9.774292385318477,4.110592312900902e-10,0.015649699272545302,"exp4"
9.804284212210902,5.524182674944234e-10,0.010920238174642532,"exp4"
9.83440324970097,7.443003845369916e-10,0.007608445477387881,"exp4"
9.8646817798321,1.005348582175733e-9,0.0052908982764881705,"exp4"
9.895168652913505,1.3616547241964972e-9,0.0036701030242163027,"exp4"
9.925934059839998,1.8502094460596737e-9,0.002537330876088528,"exp4"
9.957075353039363,2.524310669039753e-9,0.0017463016394693317,"exp4"
9.988723653206227,3.462272277154411e-9,0.0011945996085970453,"exp4"
10.0210507122537,4.78182027097987e-9,0.0008105742402036206,"exp4"
10.054275402536645,6.664523195619816e-9,0.0005441167646541018,"exp4"
10.088669439104633,9.398405790842877e-9,0.00036017010109253337,"exp4"
10.124562647585782,1.3454583848244586e-8,0.00023416713316768052,"exp4"
10.162349060776672,1.9629997598384993e-8,0.00014883401216780534,"exp4"
10.202495967241699,2.9324212891249298e-8,9.196357581499487e-5,"exp4"
10.245558506169896,4.510164046021424e-8,5.487816618256205e-5,"exp4"
10.292202712988063,7.189553411778971e-8,3.137831329613401e-5,"exp4"
10.343240578267938,1.197481202023649e-7,1.7028059970547063e-5,"exp4"
10.399682235304168,2.105030656166783e-7,8.66817557698206e-6,"exp4"
10.462813393429185,3.955636256719768e-7,4.079636350193863e-6,"exp4"
10.53431124243197,8.07889282098438e-7,1.7436444900332104e-6,"exp4"
10.616417257148166,1.8333555621567058e-6,6.625220553194865e-7,"exp4"
10.712097918921067,4.758392428453857e-6,2.1937441238720894e-7,"exp4"
10.821308297085526,1.4107731029774293e-5,6.493210061330155e-8,"exp4"
10.91739928965169,3.676451092791159e-5,2.1418431928746403e-8,"exp4"
11.00748046548449,9.028657858929625e-5,7.489376724139173e-9,"exp4"
11.08707286468586,0.0001998428974933979,2.924736928373167e-9,"exp4"
11.15865643933161,0.0004085031906377149,1.2491401586685103e-9,"exp4"
11.222809697593013,0.0007754933097655504,5.812190893201522e-10,"exp4"
11.281259060673227,0.0013908111436854225,2.8918451269493976e-10,"exp4"
11.335128642614398,0.002382954003637144,1.5194497319297968e-10,"exp4"
11.385502167717112,0.003942827234127534,8.32758841053973e-11,"exp4"
11.433145628463018,0.006348349033116303,4.719846410376693e-11,"exp4"
11.478677081550902,0.010008127288086914,2.74770770635888e-11,"exp4"
11.522552957307688,0.015518953054682663,1.6354301330503744e-11,"exp4"
11.565130604897826,0.02375413448797218,9.921065576311813e-12,"exp4"
11.606682915022528,0.03598875593544535,6.1242923596737295e-12,"exp4"
11.64742387809668,0.05408459865396825,3.846497484136683e-12,"exp4"
11.687520316385596,0.0807575864475088,2.461802453988809e-12,"exp4"
11.727103891097101,0.11996851480733797,1.6112772695836153e-12,"exp4"
11.766278478712184,0.1774909549005126,1.0852661573625477e-12,"exp4"
11.805126527055757,0.2617387078067768,7.597577581296605e-13,"exp4"
11.843713539380287,0.38496986767878355,5.612730565953112e-13,"exp4"
11.88209171717523,0.5650399161763341,4.475653054958765e-13,"exp4"
11.920302703636294,0.8279533367961545,3.982955082441893e-13,"exp4"
11.958379774007808,1.2115779277667855,4.153796838758806e-13,"exp4"
11.996349537362027,1.771051108095234,5.452113545978552e-13,"exp4"
12.034233291350112,2.5866491269021386,9.989328242935412e-13,"exp4"
12.072048091001268,3.7752408164694655,2.9583853371366213e-12,"exp4"
12.109807600726473,5.506958664120439,1.7176232991218992e-11,"exp4"
12.1475227717696,8.029463432286274,2.4332672581405064e-10,"exp4"
12.185202383215836,11.703260930155515,1.0292416502549955e-8,"exp4"
12.207875934917894,14.68165682233878,2.6538535183255477e-7,"exp4"
12.21931346233924,16.46066997031668,2.173200308977633e-6,"exp4"
12.22694418585824,17.765896250740894,1.056043779453519e-5,"exp4"
12.232296001612445,18.74257449791986,3.497625321702159e-5,"exp4"
12.23621026041789,19.49070674407739,8.803045052653574e-5,"exp4"
12.239307053429421,20.103646827810906,0.00018797899114297845,"exp4"
12.24188609395299,20.62871710077751,0.0003605386499593296,"exp4"
12.244298248727278,21.132083332476494,0.000673786161126127,"exp4"
12.246441769563294,21.589482230919476,0.0011904554851339152,"exp4"
12.24841726910265,22.019470358743117,0.002034697263970012,"exp4"
12.250234215591163,22.42202556625758,0.003364280975606376,"exp4"
12.251933497863265,22.804456897161355,0.005431485495350708,"exp4"
12.253533123181136,23.169368691808184,0.008592668025999594,"exp4"
12.255053486372379,23.520069056927465,0.013382696098372057,"exp4"
12.2565076569772,23.858211542716873,0.02057851831108603,"exp4"
12.25790723594531,24.184955139960753,0.03132562060670137,"exp4"
12.259260853686229,24.500415833897254,0.04729875718253396,"exp4"
12.26057578339885,24.803783374773268,0.07095538970436294,"exp4"
12.261857919418368,25.092965241507653,0.10589524984594027,"exp4"
12.263112385749372,25.364230303636944,0.15739966112219497,"exp4"
12.26434377748349,25.611541698644153,0.23322397946050882,"exp4"
12.26555656306991,25.825578636767954,0.34478579679507126,"exp4"
12.266755472459316,25.99221320208609,0.5089581068640912,"exp4"
12.267946069330444,26.09015435646107,0.7508385308976252,"exp4"
12.269135633205275,26.08717548576907,1.1081683402219205,"exp4"
12.270334797801494,25.93373235151034,1.638826856750709,"exp4"
12.271561161373413,25.55092325990266,2.4350584088849865,"exp4"
12.27284964806452,24.802168861157575,3.657352125228476,"exp4"
12.274302750506493,23.381167628411916,5.6712173865710005,"exp4"
12.275588218428616,21.49872991029971,8.132015040584077,"exp4"
12.276878674826879,18.992230121878414,11.254428580771146,"exp4"
12.278157530022783,16.018210452791823,14.834474839010444,"exp4"
12.279544488820651,12.557736586417548,18.87772334750286,"exp4"
12.2813524960263,8.368243295864499,23.588653099833518,"exp4"
12.282453900588337,6.268359949232391,25.837922906630958,"exp4"
12.283791961532375,4.275697948887992,27.84342142960484,"exp4"
12.2850124105842,2.9528479091761333,29.041172741268014,"exp4"
12.286376245195088,1.924070660588675,29.813414972766743,"exp4"
12.287672986476002,1.2706713861447552,30.14283347416034,"exp4"
12.28891509777821,0.8517924529922842,30.203245891803224,"exp4"
12.290127513700106,0.5766910483725177,30.099634331869012,"exp4"
12.291314089283405,0.39450810806135245,29.894442255808848,"exp4"
12.29248509368547,0.27206283776789975,29.62545644881602,"exp4"
12.293644757346623,0.18899576267882232,29.31659246409084,"exp4"
12.294798722757193,0.13206519880392675,28.982364362485395,"exp4"
12.295950550894181,0.09274659168423707,28.632158269035635,"exp4"
12.297103871524824,0.06539841376172131,28.27176598068748,"exp4"
12.298261481707817,0.046268283998608446,27.904941883472357,"exp4"
12.299426021154114,0.032821037552212995,27.53400679851439,"exp4"
12.300599793171656,0.023330619250244482,27.1604168296208,"exp4"
12.301785030155857,0.016610119096393584,26.785010297830745,"exp4"
12.302983926581744,0.011837845187108724,26.408214766351175,"exp4"
12.304198809823811,0.008441147179932789,26.03013919696127,"exp4"
12.305432264128191,0.0060189001048987405,25.650636559528774,"exp4"
12.306687318360309,0.00428885619006766,25.269319250258327,"exp4"
12.30796765041044,0.0030516985456399163,24.885553818090326,"exp4"
12.309277842640808,0.0021662460144763656,24.498432608937428,"exp4"
12.31062367382891,0.0015322511252003187,24.106733020878167,"exp4"
12.312012451618546,0.0010783853460073173,23.708868050277115,"exp4"
12.313453372337284,0.000753805111480841,23.302836135269523,"exp4"
12.314957903695413,0.0005222019610331295,22.88617531135288,"exp4"
12.31654019446,0.0003575888986203213,22.45592445864237,"exp4"
12.318217541960164,0.00024130865109101048,22.00858810384732,"exp4"
12.320010979943538,0.00015990920863400543,21.540095317032183,"exp4"
12.321946084624026,0.00010363936630959674,21.045738653469925,"exp4"
12.324054131862454,6.538891438674142e-5,20.5200776815691,"exp4"
12.326373784476386,3.9946528409394155e-5,19.9567918393465,"exp4"
12.328953564565449,2.348219303985785e-5,19.34846724678134,"exp4"
12.331855501797692,1.318570510626716e-5,18.68629988244117,"exp4"
12.335160591867584,7.0115291429228184e-6,17.959692958014344,"exp4"
12.338977137030957,3.49462793605625e-6,17.155720512350783,"exp4"
12.343453847107806,1.6128432626364517e-6,16.258426021229674,"exp4"
12.348801121261538,6.796953881449709e-7,15.247935127086068,"exp4"
12.3553270022111,2.5769248804807664e-7,14.099418891050268,"exp4"
12.363500538141146,8.681348387351051e-8,12.782170241466314,"exp4"
12.374064702875431,2.598185285519773e-8,11.260281053987084,"exp4"
12.388117578543897,7.141439114558002e-9,9.512896319237807,"exp4"
12.40533563725204,1.9597930003676074e-9,7.737165535698606,"exp4"
12.424326661794737,5.965977629279571e-10,6.160446835591882,"exp4"
12.445368510188334,2.1331616028490142e-10,4.785821515552471,"exp4"
12.467901418919919,9.487205049682586e-11,3.652010694197088,"exp4"
12.491853892007205,5.223731740872429e-11,2.7397563789368817,"exp4"
12.516906980187187,3.494858685771259e-11,2.0284222235445797,"exp4"
12.54291754547395,2.752932706591874e-11,1.4846269501437153,"exp4"
12.569687119778415,2.475293750968691e-11,1.0767701186420977,"exp4"
12.597088888969225,2.4688173079096347e-11,0.7750613244838666,"exp4"
12.624995209065778,2.6660735813675234e-11,0.5545254783245687,"exp4"
12.65331304012613,3.0567087936092055e-11,0.3947880174004812,"exp4"
12.681960211522792,3.6639317529583616e-11,0.2799570607788999,"exp4"
12.71087395428812,4.53779094753282e-11,0.19789317009683963,"exp4"
12.740002372995338,5.755824549748129e-11,0.1395251076733537,"exp4"
12.769305705706605,7.428505551101988e-11,0.09816646937270518,"exp4"
12.798752928557297,9.708519279222175e-11,0.06894849244012656,"exp4"
12.828321528686093,1.2804574891550953e-10,0.04835644956861401,"exp4"
12.85799624990912,1.7000782057760476e-10,0.03387127224573193,"exp4"
12.887769109512137,2.2683743210668793e-10,0.023697233826577645,"exp4"
12.917639517612276,3.03803485178641e-10,0.0165598316632099,"exp4"
12.947615240409542,4.0811059435880683e-10,0.011557552499236732,"exp4"
12.977713968076,5.496595160145409e-10,0.008054441554475066,"exp4"
13.007965818019823,7.421522002983242e-10,0.0056028347457813595,"exp4"
13.038416811848043,1.004731824982432e-9,0.003888153859708484,"exp4"
13.069133476746494,1.3644771531358907e-9,0.0026896516013981296,"exp4"
13.100208514000009,1.8602966269197365e-9,0.0018526060365544276,"exp4"
13.131767314315166,2.5491724335621533e-9,0.0012686798004326572,"exp4"
13.163974823760439,3.516440143177417e-9,0.0008620741689404199,"exp4"
13.197042130901503,4.893160954259579e-9,0.0005797795268669185,"exp4"
13.23123231263166,6.8862885538646e-9,0.00038471481142343374,"exp4"
13.266865714683313,9.832645902845365e-9,0.0002509043775140742,"exp4"
13.304325795238386,1.4298871553477364e-8,0.00016009602829688706,"exp4"
13.344067546350413,2.1273945650166253e-8,9.94027040795971e-5,"exp4"
13.386631034402983,3.25572410203816e-8,5.9671937959091e-5,"exp4"
13.43266290683909,5.158225610846591e-8,3.436918151374679e-5,"exp4"
13.482949278452965,8.527237310442445e-8,1.8818295837111514e-5,"exp4"
13.53846478832494,1.4852000725205433e-7,9.68477269284894e-6,"exp4"
13.600445354069972,2.7590705358841234e-7,4.6196813346942945e-6,"exp4"
13.670496942688043,5.554558553713826e-7,2.0072727258220072e-6,"exp4"
13.750759544355775,1.2376645517565252e-6,7.78064617167821e-7,"exp4"
13.844123216521584,3.1396726570467257e-6,2.633825986348883e-7,"exp4"
13.953240416570127,9.300037215000207e-6,7.800886336157155e-8,"exp4"
14.05519805494719,2.567757424788115e-5,2.4424448464010867e-8,"exp4"
14.149222191481703,6.55643529343608e-5,8.215805691041649e-9,"exp4"
14.233238450285812,0.00015163076048207123,3.058921899469463e-9,"exp4"
14.308219658598189,0.0003206006814558907,1.2572410718886607e-9,"exp4"
14.375233607341544,0.0006262115909620482,5.658815873581653e-10,"exp4"
14.435847552832184,0.0011475846271267473,2.744583623948152e-10,"exp4"
14.491404256386522,0.001999601514733871,1.4133422575623077e-10,"exp4"
14.543059478223592,0.0033511390470448736,7.627027321067883e-11,"exp4"
14.591695380289458,0.005449412119231273,4.2703303496680365e-11,"exp4"
14.637993705211365,0.008657016827232437,2.4619519316216512e-11,"exp4"
14.68246901156424,0.0135044996698842,1.4536539746866545e-11,"exp4"
14.725516375300696,0.020767938076580127,8.757983275634574e-12,"exp4"
14.767439145131283,0.03158119426524983,5.37253065274027e-12,"exp4"
14.808473049717422,0.04759995812573179,3.353495614866972e-12,"exp4"
14.848801981959118,0.07124022178652736,2.1319125798929614e-12,"exp4"
14.888570438520158,0.10602580740246142,1.3843047992566399e-12,"exp4"
14.927892359304403,0.15709413252597976,9.22980521551281e-13,"exp4"
14.966857974278726,0.23193268062858524,6.373990874040782e-13,"exp4"
15.005538918538388,0.34145102060684684,4.620412724784544e-13,"exp4"
15.043992209199361,0.5015414320168265,3.5866427283445636e-13,"exp4"
15.082263304684489,0.7353505795814497,3.0710204513202043e-13,"exp4"
15.120388502928268,1.0765862343318089,3.0291819022269417e-13,"exp4"
15.15839681816532,1.574330440827697,3.6676277311716247e-13,"exp4"
15.196311463357254,2.3000453569654415,5.978399698164682e-13,"exp4"
15.234151022188014,3.3577704550966816,1.4975781059154849e-12,"exp4"
15.271930380073083,4.898964694793088,6.8980630619104564e-12,"exp4"
15.309661464707185,7.144109285716196,7.242397356517857e-11,"exp4"
15.347353836658518,10.414150254355931,2.142220023154209e-9,"exp4"
15.38109171079102,14.59263113609407,1.4112466642809206e-7,"exp4"
15.393145511711161,16.461995774760965,1.2731059545287334e-6,"exp4"
15.401437425108915,17.885194403458236,7.0889403844133775e-6,"exp4"
15.407199216977318,18.945951130878957,2.5980185007175668e-5,"exp4"
15.411331062597126,19.74512657916182,6.963172537624235e-5,"exp4"
15.414542272405377,20.389397908233768,0.0001546136903858653,"exp4"
15.41718287435216,20.934838197741705,0.0003042368727943607,"exp4"
15.419650079564095,21.457519038219317,0.0005825639820450173,"exp4"
15.42182601587398,21.929122467580836,0.001047946558026602,"exp4"
15.42382235541836,22.370615649968585,0.0018174469922102319,"exp4"
15.425648928648922,22.781899705158654,0.0030385727171771608,"exp4"
15.427350682613435,23.171212189797025,0.00494861716236777,"exp4"
15.428947180409338,23.541505694778117,0.007881884472111904,"exp4"
15.43046055696521,23.896533363162533,0.012341183301970817,"exp4"
15.431904866112207,24.238229376271534,0.01905646001681179,"exp4"
15.433292530689965,24.568025779867025,0.02910461545343495,"exp4"
15.434632719225872,24.886272758396867,0.04405996550981866,"exp4"
15.435933110378297,25.19240719123666,0.0662329496483057,"exp4"
15.437199867065432,25.484612857450113,0.09900754283918202,"exp4"
15.438438286778315,25.759504716996524,0.14734775025205793,"exp4"
15.439653044194948,26.011506953381403,0.21854029893604077,"exp4"
15.440848595215515,26.231945398746532,0.32330654374541395,"exp4"
15.442029544830627,26.407630171224138,0.47747507424938285,"exp4"
15.443201175541242,26.518672432090533,0.704552189364806,"exp4"
15.444370230679839,26.535013593006923,1.0397888855805673,"exp4"
15.445546322726637,26.41063779124615,1.5369737729285153,"exp4"
15.446744907893324,26.072956360668993,2.2809562192673543,"exp4"
15.447995284160319,25.399267618356056,3.4157169546447377,"exp4"
15.449373957975371,24.13678394690634,5.241484787772196,"exp4"
15.450679592822636,22.30960108114851,7.6599508293201595,"exp4"
15.451934910845745,19.922196174770065,10.658268867100276,"exp4"
15.453191423707912,16.997888716672275,14.202045628660002,"exp4"
15.454514094633183,13.60905131320995,18.189421706348714,"exp4"
15.45623368841461,9.365169868078187,23.01094480976715,"exp4"
15.457512149501241,6.720441785197651,25.881365270679446,"exp4"
15.458853817986215,4.569719714191141,28.076286194999657,"exp4"
15.460134324546742,3.0847572960969387,29.44572836784627,"exp4"
15.461495939367675,1.9982612050313753,30.281350030997814,"exp4"
15.462828909694526,1.2951445449158836,30.650033376798913,"exp4"
15.464067567293496,0.8631221824316118,30.719819285607226,"exp4"
15.465286628513615,0.5790882047513665,30.616934466263512,"exp4"
15.466466568655136,0.39433988845331147,30.409825330059707,"exp4"
15.467632135292359,0.27063020249061676,30.137058946865956,"exp4"
15.468781297936928,0.187410330647223,29.825007038757878,"exp4"
15.469923978659743,0.130583058204291,29.48761247397937,"exp4"
15.471062173816087,0.09151111233176726,29.134907822443648,"exp4"
15.472200840833144,0.06440848244232478,28.772345343726347,"exp4"
15.47334243887729,0.045500230526406685,28.403788258065486,"exp4"
15.474490051586935,0.03223443573704937,28.031392466816314,"exp4"
15.475645939857332,0.02288811013094578,27.656597461175288,"exp4"
15.476812498065337,0.016278716695904236,27.280157048146965,"exp4"
15.477991934457034,0.011591003480869867,26.90246350829951,"exp4"
15.479186639325162,0.008257932856434683,26.523575959953394,"exp4"
15.480399211405496,0.005883262173379387,26.143313742027587,"exp4"
15.481632703021997,0.0041886179015057055,25.761252149156814,"exp4"
15.48289079735942,0.0029777230246298587,25.376724178653106,"exp4"
15.484178080070558,0.0021117163142724445,24.988785273681987,"exp4"
15.485500321757439,0.0014921064164328927,24.59617346957799,"exp4"
15.486864811841565,0.0010488797351018652,24.19725726765417,"exp4"
15.488280710541718,0.0007321719402433936,23.789985431073912,"exp4"
15.489759425708833,0.0005063994248640572,23.371840314789857,"exp4"
15.491315013745496,0.00034610922650350523,22.939798914781996,"exp4"
15.49296464033163,0.00023303569229920072,22.49029653676653,"exp4"
15.494729162946458,0.00015401310240110432,22.01918352285721,"exp4"
15.49663393456623,9.949944418640672e-5,21.521660174638082,"exp4"
15.498709960515919,6.253798941759325e-5,20.99217420367023,"exp4"
15.500995587305999,3.803112001154178e-5,20.424264924075118,"exp4"
15.50353897836286,2.223436005168524e-5,19.81033812890348,"exp4"
15.506401769719762,1.2403086700845532e-5,19.14135270898873,"exp4"
15.509664544901204,6.542991889947173e-6,18.40639472058182,"exp4"
15.51343521181692,3.229592606817584e-6,17.592107615256733,"exp4"
15.517862182233227,1.4729295541795362e-6,16.68194266107123,"exp4"
15.523155819384487,6.117898714835732e-7,15.655202443382112,"exp4"
15.529624736432945,2.279295708063014e-7,14.4859083433824,"exp4"
15.53773985629365,7.52672599653807e-8,13.141760616080798,"exp4"
15.548248673212564,2.2090522214565233e-8,11.584748988676077,"exp4"
15.562257015946988,6.000936978251101e-9,9.792244226490466,"exp4"
15.579424620795324,1.6253205657011347e-9,7.96919179884076,"exp4"
15.598371858880475,4.817674803992065e-10,6.348524021767831,"exp4"
15.619374781870668,1.6688960626073692e-10,4.934235437557409,"exp4"
15.641874816625661,7.202581716677715e-11,3.7667490276344253,"exp4"
15.665799417766658,3.865823600039881e-11,2.826778579172457,"exp4"
15.690829438958298,2.534081119358393e-11,2.093429617370533,"exp4"
15.716820947116165,1.9647021209181896e-11,1.5325568985790972,"exp4"
15.743574962464294,1.7454056727628418e-11,1.111740171930465,"exp4"
15.770964048746885,1.725237484163828e-11,0.8003545583378051,"exp4"
15.798860075780885,1.850756313365875e-11,0.5726924597653642,"exp4"
15.827169537040657,2.111675572298839e-11,0.4077627109827129,"exp4"
15.855809876238068,2.5223050387323e-11,0.289181527754962,"exp4"
15.884717976936733,3.1160123990354653e-11,0.20442749495140655,"exp4"
15.91384164131124,3.945277954801251e-11,0.1441403668575483,"exp4"
15.943140826292789,5.085233552248004e-11,0.1014186965805177,"exp4"
15.972584237086885,6.639905147327189e-11,0.07123599196206967,"exp4"
16.002149077809875,8.751584234424914e-11,0.04996302006337773,"exp4"
16.031819774911416,1.16140063115235e-10,0.034998282844646934,"exp4"
16.061587963169266,1.5490784094088791e-10,0.024487091394915544,"exp4"
16.09145256704647,2.0741110923541208e-10,0.017112981669749838,"exp4"
16.12142071409237,2.785596221393277e-10,0.011944695531976217,"exp4"
16.15150923975071,3.7509688009080203e-10,0.008325259085128144,"exp4"
16.18174711240639,5.063485500002389e-10,0.005792191392853183,"exp4"
16.21217881901576,6.853309004349414e-10,0.0040204895848831995,"exp4"
16.242868869047967,9.304327434882056e-10,0.0027820829689259646,"exp4"
16.273907374621167,1.268034854043122e-9,0.001917111128289703,"exp4"
16.30541650870241,1.7366999507924725e-9,0.0013136351262406825,"exp4"
16.337557366845477,2.394054252993788e-9,0.0008933347788178237,"exp4"
16.370536606567445,3.3283891896337602e-9,0.0006014378427205325,"exp4"
16.404612367580825,4.678756167973613e-9,0.00039963363731918515,"exp4"
16.44009957334398,6.670817905801746e-9,0.0002610908554572575,"exp4"
16.477375651822076,9.683011911782765e-9,0.0001669630554625064,"exp4"
16.51688862265771,1.4373513139839926e-8,0.00010395041648599763,"exp4"
16.559170058528466,2.1935017466688115e-8,6.261253092309243e-5,"exp4"
16.604855737768247,3.463287459835528e-8,3.621200358218464e-5,"exp4"
16.654717324336378,5.701043780302519e-8,1.992762414676936e-5,"exp4"
16.709709693385303,9.877883668861293e-8,1.0319258331510674e-5,"exp4"
16.771041109047587,1.823188515409951e-7,4.959819708894051e-6,"exp4"
16.840278062452768,3.64080681166887e-7,2.175244093721795e-6,"exp4"
16.919503928120623,8.029393432563324e-7,8.527776610730906e-7,"exp4"
17.011550391161315,2.0105432896887626e-6,2.9240549143399815e-7,"exp4"
17.119867005638202,5.9088835337229695e-6,8.710006462486949e-8,"exp4"
17.22939206355741,1.7572824896374274e-5,2.5723990446827352e-8,"exp4"
17.32792308054628,4.690941006370408e-5,8.298024518258737e-9,"exp4"
17.41722317856339,0.00011431404400581087,2.9245676732111827e-9,"exp4"
17.496134157362704,0.00025132042880088903,1.1506931769480203e-9,"exp4"
17.56647213105696,0.0005074030651305944,4.985061738486396e-10,"exp4"
17.62956721063,0.0009531399979742499,2.3485008314137064e-10,"exp4"
17.68704882505286,0.0016929923671391838,1.1820624474823954e-10,"exp4"
17.740152334081078,0.0028786053826786832,6.269008663182405e-11,"exp4"
17.78990303556003,0.004733404557511975,3.462668833744831e-11,"exp4"
17.837057153617064,0.007584103789172591,1.9751501547506263e-11,"exp4"
17.88219836859517,0.011909770841295275,1.1562131903429781e-11,"exp4"
17.925765349159292,0.01841080629836668,6.916038299462636e-12,"exp4"
17.968096654916142,0.02811128503056609,4.215856979821409e-12,"exp4"
18.009452730508382,0.042506640199189205,2.615880972250413e-12,"exp4"
18.050036813689136,0.06377974112467961,1.6528407541257625e-12,"exp4"
18.090007805214842,0.09511479018445579,1.065851129291597e-12,"exp4"
18.12949089604579,0.14115488379178304,7.046682966303864e-13,"exp4"
18.168584965084502,0.2086677800243551,4.812860228247088e-13,"exp4"
18.20736844057563,0.3075153984180362,3.436500187367494e-13,"exp4"
18.245903654573954,0.4520649486410001,2.611688096344617e-13,"exp4"
18.284240266090272,0.6632432164256401,2.1696559932927577e-13,"exp4"
18.322417892922008,0.9715267375076551,2.0490128350498661e-13,"exp4"
18.36046818628395,1.4212943444292598,2.3296339456289533e-13,"exp4"
18.398416455650914,2.0771625174416326,3.4667814333123793e-13,"exp4"
18.436282955913722,3.0332067708238917,7.617484870664093e-13,"exp4"
18.47408390590667,4.426383534405892,2.920157297966348e-12,"exp4"
18.511832298764133,6.4560657785026105,2.4049483961047076e-11,"exp4"
18.549538546946003,9.412476945133747,5.287492785016917e-10,"exp4"
18.58721099484324,13.718075700262268,3.7270957036442275e-8,"exp4"
18.602498290810246,15.98397530583025,5.033481158005049e-7,"exp4"
18.612330157684998,17.635344740983346,3.6156975068225207e-6,"exp4"
18.618899329658575,18.83272866765921,1.556972309557582e-5,"exp4"
18.623549422533884,19.729120250316583,4.695630052359846e-5,"exp4"
18.62704191724658,20.43027396992969,0.00011181590674752117,"exp4"
18.6298540424348,21.01284700394329,0.0002303680934909942,"exp4"
18.632475395612907,21.570744733353493,0.00046081510437096776,"exp4"
18.634757458367048,22.06830960421265,0.0008561480070894388,"exp4"
18.636833891252774,22.530738743382237,0.0015240391716752782,"exp4"
18.638716186592916,22.957894258199122,0.0025988745531858905,"exp4"
18.640457602922357,23.359678318462226,0.004298518112781909,"exp4"
18.642081214072633,23.73971055328759,0.0069288984736808786,"exp4"
18.643612786875636,24.102534711547722,0.010951549617008977,"exp4"
18.64506851796639,24.45058113764286,0.017036063125530156,"exp4"
18.64646257825621,24.785741032518334,0.026171379618609672,"exp4"
18.64780531805024,25.108740939987786,0.039803225749581915,"exp4"
18.649105317970676,25.419392771577787,0.0600541009919285,"exp4"
18.650369376848438,25.716276792973762,0.0900326537304926,"exp4"
18.6516032492717,25.996482500839114,0.1342987410568482,"exp4"
18.652811906133856,26.255045360023274,0.19954364561643687,"exp4"
18.65399995922546,26.48412947710728,0.29560684217304595,"exp4"
18.655172019293076,26.671741950945375,0.4369999049314385,"exp4"
18.656333190348988,26.799760235600946,0.6452359524458164,"exp4"
18.657489762945875,26.840818561121438,0.9524809916649346,"exp4"
18.65865040893076,26.753195195876653,1.4075531299647353,"exp4"
18.659828579631732,26.471709259277578,2.086643919583782,"exp4"
18.661048510260777,25.888730187169894,3.1158879154162156,"exp4"
18.662366864517427,24.798423852494313,4.738691967208065,"exp4"
18.663717447300897,23.041440829588232,7.102965479171958,"exp4"
18.664947877139443,20.800245586849204,9.94609444454288,"exp4"
18.66619692292195,17.947601593732152,13.429457548519508,"exp4"
18.66747375208053,14.64852162790765,17.339067514439407,"exp4"
18.66898127254239,10.740573739942741,21.82834091214419,"exp4"
18.670372690954096,7.584805985431586,25.31300032091789,"exp4"
18.671645580793598,5.2951921774110176,27.70906316901555,"exp4"
18.672926156666378,3.5855881377260803,29.356596814538527,"exp4"
18.674225015266224,2.3694497737846145,30.372715002171557,"exp4"
18.675625563512366,1.498035499101762,30.918306036528143,"exp4"
18.67683774926283,1.002850456102398,31.07005410483149,"exp4"
18.678071395370587,0.666202601395893,31.020111936174114,"exp4"
18.679238033776535,0.4531773236348208,30.84631644424633,"exp4"
18.680400825797985,0.3095161358994476,30.592552861908473,"exp4"
18.681538279976934,0.21390194288456393,30.29345152827371,"exp4"
18.68267117476207,0.14862652317074088,29.963377208977725,"exp4"
18.68379617977351,0.10396862520550115,29.615637556383952,"exp4"
18.68492136356981,0.07304428651581223,29.255890710685534,"exp4"
18.686047755513354,0.05153004525304669,28.889167022820068,"exp4"
18.687179341398114,0.03646122468374578,28.51779059008926,"exp4"
18.688317987172958,0.0258637987923132,28.14362665657571,"exp4"
18.689466318173746,0.01837987338866341,27.767543457174984,"exp4"
18.690626376828792,0.013078724819827837,27.390108648176387,"exp4"
18.691800525890223,0.009313516250642535,27.0114632388905,"exp4"
18.692991177695855,0.006633562499839816,26.631525861452754,"exp4"
18.694201179966925,0.004722651896805556,26.24995004086604,"exp4"
18.695433895770158,0.003358218096648158,25.866160952209725,"exp4"
18.69669350155484,0.0023829822888864517,25.479312284257645,"exp4"
18.697985228448122,0.0016855216025767985,25.088257768315845,"exp4"
18.699315692820285,0.0011867050168217514,24.691496603144923,"exp4"
18.700693227845026,0.0008302286043402813,24.287124510590253,"exp4"
18.702128251208038,0.0005759531261888372,23.87278330939881,"exp4"
18.703633645380318,0.00039520184617030144,23.44561984802689,"exp4"
18.705225184926775,0.0002674277381777343,23.002248656991554,"exp4"
18.70692205517809,0.0001778501075696856,22.53871224504253,"exp4"
18.708747551568308,0.0001157812655330697,22.05042433026923,"exp4"
18.71073007547342,7.344746819498649e-5,21.532080785526507,"exp4"
18.71290458524493,4.516304046948511e-5,20.97752185495454,"exp4"
18.71531472053353,2.6754699002775775e-5,20.379529727190494,"exp4"
18.71801592917521,1.5160379048163332e-5,19.72954312640451,"exp4"
18.72108012205398,8.147448787540901e-6,19.017265888085802,"exp4"
18.72460273462463,4.110896764679191e-6,18.23013905341745,"exp4"
18.72871371676312,1.9240797265920988e-6,17.35263877863924,"exp4"
18.73359518540074,8.237108055122156e-7,16.365362347841884,"exp4"
18.73951085201768,3.176059935081256e-7,15.243895163436616,"exp4"
18.746857156180198,1.0876787929515334e-7,13.957591047686856,"exp4"
18.756255160470833,3.295664023784644e-8,12.469025936299412,"exp4"
18.76869032593831,9.07434640189557e-9,10.74055065715916,"exp4"
18.784881893988388,2.4304235200613114e-9,8.843920358958814,"exp4"
18.802990250265825,6.806178763586998e-10,7.116633738806095,"exp4"
18.823249958987194,2.1449776799852352e-10,5.5807712948693435,"exp4"
18.845116652179545,8.294783399839815e-11,4.292801639282029,"exp4"
18.868504593990387,4.0070492800075393e-11,3.242363790597646,"exp4"
18.89308856771118,2.397162473277902e-11,2.414081234980376,"exp4"
18.91871171580684,1.7236680270602967e-11,1.775124595229316,"exp4"
18.94516466227442,1.442319774095209e-11,1.2923603613806496,"exp4"
18.972308833711637,1.361094102659506e-11,0.9331217005954971,"exp4"
19.00000671696626,1.4096765565801866e-11,0.6692821174669588,"exp4"
19.02815626310759,1.5667147158911332e-11,0.47745014055196483,"exp4"
19.056667764208996,1.8354386316349172e-11,0.33912668480982566,"exp4"
19.08547195679393,2.235533388669993e-11,0.24003346004965784,"exp4"
19.114511506745227,2.8014440600456856e-11,0.16941664725487457,"exp4"
19.14374199715721,3.584047389305165e-11,0.11930157200002602,"exp4"
19.173128385981805,4.654589689732513e-11,0.08385414133020283,"exp4"
19.202644549714158,6.110948277721502e-11,0.05884738455555863,"exp4"
19.232271825323963,8.086578516288766e-11,0.04124309963399026,"exp4"
19.261998779347426,1.0763072674191516e-10,0.028870642482926347,"exp4"
19.291821053723623,1.4387646186231497e-10,0.02018669944780927,"exp4"
19.321741995632756,1.9297659382655638e-10,0.014098096611564546,"exp4"
19.351773824605175,2.5955338791676047e-10,0.009832825540440748,"exp4"
19.381939651056214,3.499772329405496e-10,0.006846972180040883,"exp4"
19.412276391156677,4.73098915434896e-10,0.004758049952151087,"exp4"
19.44283876075057,6.413481542027985e-10,0.003297500073131113,"exp4"
19.473704370536556,8.724237596137164e-10,0.0022769948097825063,"exp4"
19.50497982743731,1.1919641442178617e-9,0.0015646090305323677,"exp4"
19.53680748364099,1.6378805743833225e-9,0.0010680102427213024,"exp4"
19.56937225978647,2.26757513639737e-9,0.0007226179200033183,"exp4"
19.602907931393645,3.1702855822210064e-9,0.0004832701166374161,"exp4"
19.637702648398065,4.488802213178627e-9,0.0003183620150043453,"exp4"
19.67410427059745,6.458903360562226e-9,0.00020572920143401084,"exp4"
19.712527079189233,9.483631368863111e-9,0.00012976726021852357,"exp4"
19.753462162146082,1.4279198136927426e-8,7.943040506388086e-5,"exp4"
19.79749415546971,2.2175723262455806e-8,4.685378040892783e-5,"exp4"
19.84532737534704,3.577220591915277e-8,2.6413443969753786e-5,"exp4"
19.897825240910272,6.0456458952499e-8,1.4087682800220455e-5,"exp4"
19.956068802348742,1.0820283264543215e-7,7.020785093525467e-6,"exp4"
20.0,1.6787541773221005e-7,4.146350314944686e-6,"exp4"
